fold,accuracy
1,0.45285714285714285
2,0.4614285714285714
3,0.48
4,0.4785714285714286
5,0.4735714285714286
